{
    "avg_prec": 0.9465538670775959,
    "roc_auc": 0.9628518898064984
}